c_scale,a_A,b_A,c_A,natoms,energy_eV,energy_per_atom_eV,max_force_eV_per_A,octahedral_preserved,eq_mean_A,eq_std_A,ap_mean_A,ap_std_A
1.0,3.8,3.8,13.2,14,-91.80230140686035,-6.557307243347168,0.5521700382232666,False,2.387026576041035,0.48191220878128543,4.460598881580842,0.7749322061639103
1.02,3.8,3.8,13.463999999999999,14,-92.65803527832031,-6.618431091308594,0.04500829055905342,False,2.1040673010773916,0.3765403605401454,3.8215895047655177,0.883473905834478
1.05,3.8,3.8,13.86,14,-80.10986423492432,-5.722133159637451,1.1976420879364014,False,2.269920620546052,0.5382217190873549,4.542258923165058,1.1587791527751765
1.1,3.8,3.8,14.52,14,-78.37454414367676,-5.59818172454834,0.13368169963359833,False,2.87038847684882,0.6338729756278153,4.789907178055864,0.2383201131486219
