{
  "timestamp": "2025-10-10 03:10:34",
  "systems": [
    {
      "name": "Al_fcc",
      "formula": "Al4",
      "n_atoms": 4,
      "moduli": [
        {
          "delta": 0.01,
          "K": 47.62981591508403,
          "C11": 56.87619000858666,
          "C12": 43.00662886833271,
          "C44": 4.048163782215397,
          "G_V": 5.202810497380028,
          "G_R": 4.856830005328995,
          "G": 5.029820251354511,
          "E": 14.576361437721939,
          "nu": 0.44899426910897877
        },
        {
          "delta": 0.015,
          "K": 46.59704573578404,
          "C11": 56.72427028192337,
          "C12": 41.533433462714385,
          "C44": 6.215362574771967,
          "G_V": 6.767384908704978,
          "G_R": 6.702488233744426,
          "G": 6.7349365712247025,
          "E": 19.276114169283183,
          "nu": 0.43105387596678996
        }
      ],
      "aggregate": {
        "E_mean_GPa": 16.92623780350256,
        "E_std_GPa": 3.3232270263869554,
        "K_mean_GPa": 47.11343082543404,
        "G_mean_GPa": 5.882378411289607,
        "nu_mean": 0.44002407253788434
      }
    },
    {
      "name": "Al-1.85%Mg_fcc",
      "formula": "Al106Mg2",
      "n_atoms": 108,
      "moduli": [
        {
          "delta": 0.01,
          "K": 53.32344650388639,
          "C11": 64.94538711346347,
          "C12": 47.512476199097854,
          "C44": 7.911505744715441,
          "G_V": 8.233485629702388,
          "G_R": 8.21496075960575,
          "G": 8.22422319465407,
          "E": 23.466248055218923,
          "nu": 0.4266543781589317
        },
        {
          "delta": 0.015,
          "K": 54.14713578631933,
          "C11": 66.32104191295538,
          "C12": 48.06018272300131,
          "C44": 9.230090035556612,
          "G_V": 9.19022585932478,
          "G_R": 9.189965919035032,
          "G": 9.190095889179906,
          "E": 26.09402263133219,
          "nu": 0.4196817392326871
        }
      ],
      "aggregate": {
        "E_mean_GPa": 24.780135343275557,
        "E_std_GPa": 1.8581172221992972,
        "K_mean_GPa": 53.73529114510286,
        "G_mean_GPa": 8.707159541916987,
        "nu_mean": 0.4231680586958094
      }
    }
  ]
}