system,delta,K(GPa),C11(GPa),C12(GPa),C44(GPa),G(GPa),E(GPa),nu
Al_fcc,0.01,47.62981591508403,56.87619000858666,43.00662886833271,4.048163782215397,5.029820251354511,14.576361437721939,0.44899426910897877
Al_fcc,0.015,46.59704573578404,56.72427028192337,41.533433462714385,6.215362574771967,6.7349365712247025,19.276114169283183,0.43105387596678996
Al-1.85%Mg_fcc,0.01,53.32344650388639,64.94538711346347,47.512476199097854,7.911505744715441,8.22422319465407,23.466248055218923,0.4266543781589317
Al-1.85%Mg_fcc,0.015,54.14713578631933,66.32104191295538,48.06018272300131,9.230090035556612,9.190095889179906,26.09402263133219,0.4196817392326871
