{
  "reps": [
    2,
    2,
    2
  ],
  "a_init": 4.05,
  "sub_index": 28,
  "results": [
    {
      "label": "pure",
      "natoms": 32,
      "a_final": 4.05,
      "energies": {
        "initial": -117.25790405273438,
        "after_stage1": -117.25790405273438,
        "after_stage2": -117.25790405273438,
        "delta1": 0.0,
        "delta2": 0.0,
        "total_drop": 0.0
      },
      "fmax": {
        "initial": 3.0788414733251557e-06,
        "after_stage1": 3.0788414733251557e-06,
        "after_stage2": 3.0788414733251557e-06
      },
      "steps": {
        "stage1": 0,
        "stage2": 0
      },
      "timing_s": {
        "stage1": 0.0002040863037109375,
        "stage2": 0.0004229545593261719
      },
      "stress_voigt_final": [
        0.001453847624361515,
        0.0014538292307406664,
        0.0014538295799866319,
        -4.865541303189502e-09,
        8.591732658658202e-09,
        -4.255840568845315e-09
      ],
      "delta_a_A": 0.0,
      "delta_percent": 0.0
    },
    {
      "label": "Cu",
      "natoms": 32,
      "a_final": 4.041291538260395,
      "energies": {
        "initial": -118.12349700927734,
        "after_stage1": -118.12349700927734,
        "after_stage2": -118.18071746826172,
        "delta1": 0.0,
        "delta2": -0.057220458984375,
        "total_drop": -0.057220458984375
      },
      "fmax": {
        "initial": 0.1453757882118225,
        "after_stage1": 0.1453757882118225,
        "after_stage2": 0.030080365017056465
      },
      "steps": {
        "stage1": 0,
        "stage2": 5
      },
      "timing_s": {
        "stage1": 0.0004591941833496094,
        "stage2": 1.125284194946289
      },
      "stress_voigt_final": [
        0.0028690132312476635,
        0.002869005547836423,
        0.002868995536118746,
        -2.366363638373059e-08,
        2.3743217170135722e-08,
        1.2502733071073635e-08
      ],
      "delta_a_A": -0.008708461739605156,
      "delta_percent": -0.21502374665691745
    },
    {
      "label": "Mg",
      "natoms": 32,
      "a_final": 4.051602511644612,
      "energies": {
        "initial": -115.30613708496094,
        "after_stage1": -115.30613708496094,
        "after_stage2": -115.3470458984375,
        "delta1": 0.0,
        "delta2": -0.0409088134765625,
        "total_drop": -0.0409088134765625
      },
      "fmax": {
        "initial": 0.1468229740858078,
        "after_stage1": 0.1468229740858078,
        "after_stage2": 0.022414477542042732
      },
      "steps": {
        "stage1": 0,
        "stage2": 2
      },
      "timing_s": {
        "stage1": 0.00023603439331054688,
        "stage2": 0.4557368755340576
      },
      "stress_voigt_final": [
        -0.0014733811840415,
        -0.0014734184369444847,
        -0.001473412150517106,
        -2.315023550636397e-08,
        -2.001671006723882e-08,
        6.728670065569986e-09
      ],
      "delta_a_A": 0.0016025116446121146,
      "delta_percent": 0.03956818875585468
    },
    {
      "label": "Zn",
      "natoms": 32,
      "a_final": 4.05,
      "energies": {
        "initial": -115.00305938720703,
        "after_stage1": -115.00305938720703,
        "after_stage2": -115.00305938720703,
        "delta1": 0.0,
        "delta2": 0.0,
        "total_drop": 0.0
      },
      "fmax": {
        "initial": 0.04439655318856239,
        "after_stage1": 0.04439655318856239,
        "after_stage2": 0.04439655318856239
      },
      "steps": {
        "stage1": 0,
        "stage2": 0
      },
      "timing_s": {
        "stage1": 0.00022125244140625,
        "stage2": 0.00041985511779785156
      },
      "stress_voigt_final": [
        0.002019901992753148,
        0.002019934356212616,
        0.0020198985002934933,
        1.524475301550865e-08,
        -2.132844301172554e-08,
        2.6099673533508394e-09
      ],
      "delta_a_A": 0.0,
      "delta_percent": 0.0
    }
  ]
}