label,natoms,a_final_A,delta_a_A,delta_percent,steps1,steps2
pure,32,4.050000,0.000000,0.0000,0,0
Cu,32,4.041292,-0.008708,-0.2150,0,5
Mg,32,4.051603,0.001603,0.0396,0,2
Zn,32,4.050000,0.000000,0.0000,0,0
