{
  "tdb_path": "/Users/delip/play/miniclaimspy/TnETDBDB/cost507R.TDB",
  "components": [
    "AL",
    "ZN",
    "VA"
  ],
  "phases_considered": [
    "LIQUID",
    "FCC_A1",
    "HCP_A3",
    "HCP_ZN",
    "BCC_A2"
  ],
  "phases_seen": [
    "FCC_A1",
    "HCP_ZN"
  ],
  "T_range_K": [
    1.0,
    700.0
  ],
  "T_points": [
    1.0,
    5.992857142857143,
    10.985714285714286,
    15.978571428571428,
    20.97142857142857,
    25.964285714285715,
    30.957142857142856,
    35.95,
    40.94285714285714,
    45.93571428571428,
    50.92857142857143,
    55.92142857142857,
    60.91428571428571,
    65.90714285714286,
    70.9,
    75.89285714285714,
    80.88571428571429,
    85.87857142857143,
    90.87142857142857,
    95.86428571428571,
    100.85714285714286,
    105.85,
    110.84285714285714,
    115.83571428571429,
    120.82857142857142,
    125.82142857142857,
    130.81428571428572,
    135.80714285714285,
    140.8,
    145.79285714285714,
    150.78571428571428,
    155.77857142857144,
    160.77142857142857,
    165.7642857142857,
    170.75714285714287,
    175.75,
    180.74285714285713,
    185.7357142857143,
    190.72857142857143,
    195.72142857142856,
    200.71428571428572,
    205.70714285714286,
    210.7,
    215.69285714285715,
    220.68571428571428,
    225.67857142857142,
    230.67142857142858,
    235.6642857142857,
    240.65714285714284,
    245.65,
    250.64285714285714,
    255.6357142857143,
    260.62857142857143,
    265.62142857142857,
    270.6142857142857,
    275.60714285714283,
    280.6,
    285.59285714285716,
    290.5857142857143,
    295.5785714285714,
    300.57142857142856,
    305.5642857142857,
    310.5571428571429,
    315.55,
    320.54285714285714,
    325.5357142857143,
    330.5285714285714,
    335.5214285714286,
    340.51428571428573,
    345.50714285714287,
    350.5,
    355.49285714285713,
    360.48571428571427,
    365.47857142857146,
    370.4714285714286,
    375.4642857142857,
    380.45714285714286,
    385.45,
    390.4428571428571,
    395.4357142857143,
    400.42857142857144,
    405.4214285714286,
    410.4142857142857,
    415.40714285714284,
    420.4,
    425.39285714285717,
    430.3857142857143,
    435.37857142857143,
    440.37142857142857,
    445.3642857142857,
    450.35714285714283,
    455.35,
    460.34285714285716,
    465.3357142857143,
    470.3285714285714,
    475.32142857142856,
    480.3142857142857,
    485.3071428571429,
    490.3,
    495.29285714285714,
    500.2857142857143,
    505.2785714285714,
    510.2714285714286,
    515.2642857142857,
    520.2571428571429,
    525.25,
    530.2428571428571,
    535.2357142857143,
    540.2285714285714,
    545.2214285714285,
    550.2142857142857,
    555.2071428571429,
    560.2,
    565.1928571428572,
    570.1857142857143,
    575.1785714285714,
    580.1714285714286,
    585.1642857142857,
    590.1571428571428,
    595.15,
    600.1428571428571,
    605.1357142857142,
    610.1285714285714,
    615.1214285714286,
    620.1142857142858,
    625.1071428571429,
    630.1,
    635.0928571428572,
    640.0857142857143,
    645.0785714285714,
    650.0714285714286,
    655.0642857142857,
    660.0571428571428,
    665.05,
    670.0428571428572,
    675.0357142857143,
    680.0285714285715,
    685.0214285714286,
    690.0142857142857,
    695.0071428571429,
    700.0
  ],
  "threshold_present": 0.001,
  "stable_phases_by_T": {
    "1.0": [
      "FCC_A1",
      "HCP_ZN"
    ],
    "10.985714285714286": [
      "FCC_A1",
      "HCP_ZN"
    ],
    "20.97142857142857": [
      "FCC_A1",
      "HCP_ZN"
    ],
    "30.957142857142856": [
      "FCC_A1",
      "HCP_ZN"
    ],
    "40.94285714285714": [
      "FCC_A1",
      "HCP_ZN"
    ],
    "50.92857142857143": [
      "FCC_A1",
      "HCP_ZN"
    ],
    "60.91428571428571": [
      "FCC_A1",
      "HCP_ZN"
    ],
    "70.9": [
      "FCC_A1",
      "HCP_ZN"
    ],
    "80.88571428571429": [
      "FCC_A1",
      "HCP_ZN"
    ],
    "90.87142857142857": [
      "FCC_A1",
      "HCP_ZN"
    ],
    "100.85714285714286": [
      "FCC_A1",
      "HCP_ZN"
    ],
    "110.84285714285714": [
      "FCC_A1",
      "HCP_ZN"
    ],
    "120.82857142857142": [
      "FCC_A1",
      "HCP_ZN"
    ],
    "130.81428571428572": [
      "FCC_A1",
      "HCP_ZN"
    ],
    "140.8": [
      "FCC_A1",
      "HCP_ZN"
    ],
    "150.78571428571428": [
      "FCC_A1",
      "HCP_ZN"
    ],
    "160.77142857142857": [
      "FCC_A1",
      "HCP_ZN"
    ],
    "170.75714285714287": [
      "FCC_A1",
      "HCP_ZN"
    ],
    "180.74285714285713": [
      "FCC_A1",
      "HCP_ZN"
    ],
    "190.72857142857143": [
      "FCC_A1",
      "HCP_ZN"
    ],
    "200.71428571428572": [
      "FCC_A1",
      "HCP_ZN"
    ],
    "210.7": [
      "FCC_A1",
      "HCP_ZN"
    ],
    "220.68571428571428": [
      "FCC_A1",
      "HCP_ZN"
    ],
    "230.67142857142858": [
      "FCC_A1",
      "HCP_ZN"
    ],
    "240.65714285714284": [
      "FCC_A1",
      "HCP_ZN"
    ],
    "250.64285714285714": [
      "FCC_A1",
      "HCP_ZN"
    ],
    "260.62857142857143": [
      "FCC_A1",
      "HCP_ZN"
    ],
    "270.6142857142857": [
      "FCC_A1",
      "HCP_ZN"
    ],
    "280.6": [
      "FCC_A1",
      "HCP_ZN"
    ],
    "290.5857142857143": [
      "FCC_A1",
      "HCP_ZN"
    ],
    "300.0": [
      "FCC_A1",
      "HCP_ZN"
    ],
    "300.57142857142856": [
      "FCC_A1",
      "HCP_ZN"
    ],
    "310.5571428571429": [
      "FCC_A1",
      "HCP_ZN"
    ],
    "320.54285714285714": [
      "FCC_A1",
      "HCP_ZN"
    ],
    "330.5285714285714": [
      "FCC_A1",
      "HCP_ZN"
    ],
    "340.51428571428573": [
      "FCC_A1",
      "HCP_ZN"
    ],
    "350.5": [
      "FCC_A1",
      "HCP_ZN"
    ],
    "360.48571428571427": [
      "FCC_A1",
      "HCP_ZN"
    ],
    "370.4714285714286": [
      "FCC_A1",
      "HCP_ZN"
    ],
    "380.45714285714286": [
      "FCC_A1",
      "HCP_ZN"
    ],
    "390.4428571428571": [
      "FCC_A1",
      "HCP_ZN"
    ],
    "400.42857142857144": [
      "FCC_A1",
      "HCP_ZN"
    ],
    "410.4142857142857": [
      "FCC_A1",
      "HCP_ZN"
    ],
    "420.4": [
      "FCC_A1",
      "HCP_ZN"
    ],
    "430.3857142857143": [
      "FCC_A1",
      "HCP_ZN"
    ],
    "440.37142857142857": [
      "FCC_A1",
      "HCP_ZN"
    ],
    "450.35714285714283": [
      "FCC_A1",
      "HCP_ZN"
    ],
    "460.34285714285716": [
      "FCC_A1",
      "HCP_ZN"
    ],
    "470.3285714285714": [
      "FCC_A1",
      "HCP_ZN"
    ],
    "480.3142857142857": [
      "FCC_A1",
      "HCP_ZN"
    ],
    "490.3": [
      "FCC_A1",
      "HCP_ZN"
    ],
    "500.0": [
      "FCC_A1",
      "HCP_ZN"
    ],
    "500.2857142857143": [
      "FCC_A1",
      "HCP_ZN"
    ],
    "510.2714285714286": [
      "FCC_A1",
      "HCP_ZN"
    ],
    "520.2571428571429": [
      "FCC_A1",
      "HCP_ZN"
    ],
    "530.2428571428571": [
      "FCC_A1",
      "HCP_ZN"
    ],
    "540.2285714285714": [
      "FCC_A1",
      "HCP_ZN"
    ],
    "550.2142857142857": [
      "FCC_A1",
      "HCP_ZN"
    ],
    "560.2": [
      "FCC_A1"
    ],
    "570.1857142857143": [
      "FCC_A1"
    ],
    "580.1714285714286": [
      "FCC_A1"
    ],
    "590.1571428571428": [
      "FCC_A1"
    ],
    "600.1428571428571": [
      "FCC_A1"
    ],
    "610.1285714285714": [
      "FCC_A1"
    ],
    "620.1142857142858": [
      "FCC_A1"
    ],
    "630.1": [
      "FCC_A1"
    ],
    "640.0857142857143": [
      "FCC_A1"
    ],
    "650.0": [
      "FCC_A1"
    ],
    "650.0714285714286": [
      "FCC_A1"
    ],
    "660.0571428571428": [
      "FCC_A1"
    ],
    "670.0428571428572": [
      "FCC_A1"
    ],
    "680.0285714285715": [
      "FCC_A1"
    ],
    "690.0142857142857": [
      "FCC_A1"
    ],
    "700.0": [
      "FCC_A1"
    ]
  },
  "representative_T_summaries": {
    "300.0": [
      {
        "phase": "FCC_A1",