label,natoms,n_Cu,x_Cu_pct,a_eq_A,delta_a_over_a0_pct,E_per_atom_eV
Al,108,0,0.000,4.050000,0.0000,-3.664308
AlCu_1Cu,108,1,0.926,4.049351,-0.0160,-3.672907
AlCu_2Cu,108,2,1.852,4.048230,-0.0437,-3.681514
AlCu_3Cu,108,3,2.778,4.043266,-0.1663,-3.690242
AlCu_4Cu,108,4,3.704,4.030832,-0.4733,-3.698901
AlCu_5Cu,108,5,4.630,4.032762,-0.4256,-3.708073
