Temperature_K,Phase,Fraction
298.0,BCC_B2,0.85145360
298.0,FCC_A1,0.14854640
298.0,,0.00000000
500.0,BCC_B2,1.00000000
500.0,,0.00000000
500.0,FCC_A1,0.00000000
800.0,BCC_B2,1.00000000
800.0,,0.00000000
800.0,FCC_A1,0.00000000
1000.0,BCC_B2,1.00000000
1000.0,,0.00000000
1000.0,FCC_A1,0.00000000
