{
  "tdb": {
    "chosen": "/Users/delip/play/miniclaimspy/TnETDBDB/cost507R.TDB",
    "considered": [
      "/Users/delip/play/miniclaimspy/TnETDBDB/cost507R.TDB"
    ]
  },
  "conditions": {
    "T_K": 298.0,
    "P_Pa": 101325
  },
  "cases": [
    {
      "label": "40 wt% Nd",
      "x_Nd_mole": 0.10098974520916783,
      "phases": {
        "HCP_A3": 0.8351219259007935,
        "FCC_A1": 0.16487807409920646
      },
      "density_g_cm3": 2.4856443646160757
    },
    {
      "label": "40 at% Nd",
      "x_Nd_mole": 0.4,
      "phases": {
        "FCC_A1": 0.655459634117653,
        "HCP_A3": 0.344540365882347
      },
      "density_g_cm3": 4.347697736499508
    }
  ],
  "assumptions": {
    "pressure": "Assumed 101325 Pa (1 atm)",
    "density_model": "Ideal volume mixing of pure elements at 298 K",
    "phase_threshold": 0.001
  }
}