case,T_K,P_Pa,x_Nd_mole,phase,phase_fraction,density_g_cm3,tdb_path
40 wt% Nd,298.0,101325,0.10098974520916783,HCP_A3,0.8351219259007935,2.4856443646160757,/Users/delip/play/miniclaimspy/TnETDBDB/cost507R.TDB
40 wt% Nd,298.0,101325,0.10098974520916783,FCC_A1,0.16487807409920646,2.4856443646160757,/Users/delip/play/miniclaimspy/TnETDBDB/cost507R.TDB
40 at% Nd,298.0,101325,0.4,FCC_A1,0.655459634117653,4.347697736499508,/Users/delip/play/miniclaimspy/TnETDBDB/cost507R.TDB
40 at% Nd,298.0,101325,0.4,HCP_A3,0.344540365882347,4.347697736499508,/Users/delip/play/miniclaimspy/TnETDBDB/cost507R.TDB
