label,energy_eV,n_atoms
gaas_2x2x2,-260.1324157714844,64
gaas_2x2x2_N_As,-263.6336364746094,64
gaas_2x2x2_N_Ga,-262.91192626953125,64
as_bulk,-18.386646270751953,4
ga_bulk,-12.069655418395996,4
gan_bulk,-25.131988525390625,4

quantity,value
E_f(N_Ga) [eV],2.7215309143066406
E_f(N_As) [eV],0.9356355667114258
Delta E_f [eV],1.7858953475952148
more_stable,N_As
