T_K,phase,mole_fraction,is_carbide
300,DIAMOND_A4,0.528571,no
300,AL8SIC7,0.342857,yes
300,FCC_A1,0.128571,no
400,DIAMOND_A4,0.528570,no
400,AL8SIC7,0.342857,yes
400,FCC_A1,0.128572,no
500,DIAMOND_A4,0.528555,no
500,AL8SIC7,0.342857,yes
500,FCC_A1,0.128588,no
