label,phase,mole_fraction
Al-4Mg-2Zn at.%,FCC_A1,0.9055277860884984
Al-4Mg-2Zn at.%,TAU,0.09447221391150167
Al-7Mg-3Zn at.%,FCC_A1,0.8300793007311044
Al-7Mg-3Zn at.%,TAU,0.1699206992688956
Al-2Mg-1Zn at.%,FCC_A1,0.9563209518803538
Al-2Mg-1Zn at.%,TAU,0.04367904811964624
