T_K,phase,mole_fraction
298.0,HCP_A3,0.9238441494333017
298.0,MG24Y5,0.06811551030082025
298.0,FCC_A1,0.00804034026587797
900.0,HCP_A3,0.5174472146604258
900.0,LIQUID,0.4821441576389691
900.0,CBCC_A12,0.00040862770060509423
