{
  "composition_wt%": {
    "MG": 92.5,
    "Y": 4.0,
    "ND": 3.0,
    "ZR": 0.5
  },
  "composition_mole_fraction": {
    "MG": 0.9816173615676906,
    "Y": 0.011604483768519639,
    "ND": 0.005364455449210029,
    "ZR": 0.0014136992145797763
  },
  "temperatures_K": [
    298.0,
    900.0
  ],
  "pressure_Pa": 101325.0,
  "tdb": "/Users/delip/play/miniclaimspy/TnETDBDB/cost507R.TDB",
  "stable_by_T": {
    "298.0": [
      [
        "HCP_A3",
        0.9238441494333017
      ],
      [
        "MG24Y5",
        0.06811551030082025
      ],
      [
        "FCC_A1",
        0.00804034026587797
      ]
    ],
    "900.0": [
      [
        "HCP_A3",
        0.5174472146604258
      ],
      [
        "LIQUID",
        0.4821441576389691
      ],
      [
        "CBCC_A12",
        0.00040862770060509423
      ]
    ]
  }
}