X_AL,T_K,P_Pa,phase,mole_fraction
0.5,973.0,101325.0,BCC_B2,0.9913373285150564
0.5,973.0,101325.0,AL2FE,0.008662671484943677
0.55,973.0,101325.0,BCC_B2,0.6939361299599746
0.55,973.0,101325.0,AL2FE,0.30606387004002555
0.6,973.0,101325.0,AL2FE,0.603465068593836
0.6,973.0,101325.0,BCC_B2,0.3965349314061641
0.65,973.0,101325.0,AL2FE,0.9008662671484636
0.65,973.0,101325.0,BCC_B2,0.0991337328515364
0.7,973.0,101325.0,AL5FE2,0.6999999999999966
0.7,973.0,101325.0,AL2FE,0.3000000000000035
