{
  "T_K": 750.0,
  "P_Pa": 101325.0,
  "composition": {
    "AL": 0.7,
    "FE": 0.30000000000000004
  },
  "tdb_path": "/Users/delip/play/miniclaimspy/TnETDBDB/cost507R.TDB",
  "phases": [
    {
      "phase": "AL5FE2",
      "fraction": 0.7000000000000002
    },
    {
      "phase": "AL2FE",
      "fraction": 0.2999999999999999
    }
  ]
}