phase,mole_fraction
AL2FE,0.29999999999999905
AL5FE2,0.7000000000000011
