{
  "n_v": 4,
  "length_range_threshold_A": 0.05,
  "angle_dev_threshold_deg": 2.0,
  "overall_distorted": true,
  "reports": [
    {
      "v_index": 0,
      "v_frac_coords": [
        0.700995845589623,
        0.2815521715877116,
        0.4018669981812806
      ],
      "neighbor_o_indices": [
        4,
        10,
        7,
        8,
        6,
        11
      ],
      "bond_lengths": [
        1.7125721875268785,
        1.9599511012715138,
        1.9733089299731332,
        2.0297924850005296,
        2.2726749540882194,
        3.632989343592777
      ],
      "bond_length_min": 1.7125721875268785,
      "bond_length_max": 3.632989343592777,
      "bond_length_mean": 2.263548166908842,
      "bond_length_std": 0.6337821229521824,
      "bond_length_range": 1.9204171560658987,
      "n_angles": 15,
      "angle_min": 42.99345986672981,
      "angle_max": 171.36166356753023,
      "angle_mean": 96.34480870416984,
      "angle_std": 36.055382233244934,
      "angle_max_dev_from_90_180": 47.00654013327019,
      "distorted": true
    },
    {
      "v_index": 1,
      "v_frac_coords": [
        0.29900446292203314,
        0.7184482267307802,
        0.5981327631232835
      ],
      "neighbor_o_indices": [
        5,
        11,
        6,
        9,
        7,
        10
      ],
      "bond_lengths": [
        1.71256837706064,
        1.9599503046383608,
        1.9733119150387282,
        2.0297948041414724,
        2.2726761496858963,
        3.6329922114762594
      ],
      "bond_length_min": 1.71256837706064,
      "bond_length_max": 3.6329922114762594,
      "bond_length_mean": 2.2635489603402266,
      "bond_length_std": 0.6337834039280833,
      "bond_length_range": 1.9204238344156195,
      "n_angles": 15,
      "angle_min": 42.99338434788821,
      "angle_max": 171.36153985507005,
      "angle_mean": 96.34475390459244,
      "angle_std": 36.0553682197104,
      "angle_max_dev_from_90_180": 47.00661565211179,
      "distorted": true
    },
    {
      "v_index": 2,
      "v_frac_coords": [
        0.5975078539760599,
        0.7017934915166136,
        0.19483222599990535
      ],
      "neighbor_o_indices": [
        9,
        11,
        4,
        8,
        6,
        7
      ],
      "bond_lengths": [
        1.779634399557663,
        1.9446352331242622,
        1.945895962426045,
        2.0986014778412834,
        2.1136143303007193,
        3.752739972447992
      ],
      "bond_length_min": 1.779634399557663,
      "bond_length_max": 3.752739972447992,
      "bond_length_mean": 2.272520229282994,
      "bond_length_std": 0.6712771072664081,
      "bond_length_range": 1.973105572890329,
      "n_angles": 15,
      "angle_min": 42.88606298036561,
      "angle_max": 179.8404173812995,
      "angle_mean": 100.53291654687753,
      "angle_std": 34.64834599846676,
      "angle_max_dev_from_90_180": 47.11393701963439,
      "distorted": true
    },
    {
      "v_index": 3,
      "v_frac_coords": [
        0.40249206519902186,
        0.2982062891399408,
        0.8051675818522308
      ],
      "neighbor_o_indices": [
        8,
        10,
        5,
        9,
        7,
        6
      ],
      "bond_lengths": [
        1.7796345058558174,
        1.9446352580783353,
        1.9458963995067335,
        2.0986018939689974,
        2.113615449018537,
        3.752741233748518
      ],
      "bond_length_min": 1.7796345058558174,
      "bond_length_max": 3.752741233748518,
      "bond_length_mean": 2.27252079002949,
      "bond_length_std": 0.6712774582200528,
      "bond_length_range": 1.9731067278927008,
      "n_angles": 15,
      "angle_min": 42.886041025216954,
      "angle_max": 179.84038807703658,
      "angle_mean": 100.53290050225428,
      "angle_std": 34.648343118001485,
      "angle_max_dev_from_90_180": 47.113958974783046,
      "distorted": true
    }
  ]
}