quantity,value_eV
E_bulk_64,-339.98687744140625
mu_Si_per_atom,-5.312294960021973
E_substitutional,-340.2176818847656
E_interstitial,-343.72363328933716
delta_E = Ef(Pi)-Ef(Psi),1.8063435554504395
