T,phase,mole_fraction
298.0,AL5FE2,0.7001540981735827
298.0,BCC_B2,0.29984590182641724
900.0,AL2FE,0.9021337089635414
900.0,BCC_B2,0.09786629103645857
