image_index,energy_eV,relative_eV
0,-663.74343014,0.00000000
1,-663.74447441,-0.00104427
2,-663.73013306,0.01329708
3,-663.72073460,0.02269554
4,-663.72832298,0.01510715
5,-663.73960114,0.00382900
6,-663.74349976,-0.00006962
