{
  "material_id": "mp-48",
  "n_images": 7,
  "fmax": 0.05,
  "steps": 300,
  "energies_eV": [
    -663.7434301376343,
    -663.7444744110107,
    -663.7301330566406,
    -663.7207345962524,
    -663.7283229827881,
    -663.7396011352539,
    -663.7434997558594
  ],
  "relative_energies_eV": [
    0.0,
    -0.0010442733764648438,
    0.013297080993652344,
    0.022695541381835938,
    0.015107154846191406,
    0.0038290023803710938,
    -6.961822509765625e-05
  ],
  "forward_barrier_eV": 0.022695541381835938,
  "initial_energy_eV": -663.7434301376343,
  "max_energy_eV": -663.7207345962524,
  "saddle_image_index": 3
}