phase,fraction
FCC_A1,0.90409668
BCC_B2,0.09590332
