{
  "results": [
    {
      "label": "Al",
      "natoms": 32,
      "composition": {
        "Al": 32
      },
      "supercell": [
        2,
        2,
        2
      ],
      "a0_guess": 4.05,
      "C_GPa": [
        [
          54.52791556633324,
          42.84798272888654,
          42.848477001339916,
          -0.00015107950461501485,
          -0.0008523868346876906,
          -0.00017532683251886283
        ],
        [
          42.84832697099853,
          54.52819301171981,
          42.848415800151706,
          -0.00048681173709652636,
          -0.0008356002230647253,
          -2.0516969764794446e-05
        ],
        [
          42.848236626387354,
          42.84853890197029,
          54.528481648180794,
          -0.0004532385138478201,
          2.797768604012596e-05,
          -0.00031521526271949263
        ],
        [
          0.00023970032785633247,
          0.00027037005221109995,
          -5.593609017683349e-05,
          2.502045278582293,
          4.746337992139029e-05,
          -1.346131575809254e-05
        ],
        [
          0.00042414575035692407,
          0.0003560307617585719,
          8.002628301717702e-05,
          2.7590994938798424e-05,
          2.5020715076629556,
          0.000693899976995783
        ],
        [
          -0.00027778873251608816,
          -9.077383630138973e-05,
          0.00040684420518639024,
          0.00021845810594093166,
          -0.0005036205478135685,
          2.5012715789895923
        ]
      ],
      "vrh": {
        "B_V": 46.74159347633224,
        "G_V": 3.83705865277068,
        "B_R": 46.73785231386436,
        "G_R": 3.243368857900667,
        "B": 46.739722895098296,
        "G": 3.5402137553356736,
        "E": 10.359097708556558,
        "nu": 0.4630610500487051
      },
      "E_GPa": 10.359097708556558,
      "B_GPa": 46.739722895098296,
      "G_GPa": 3.5402137553356736,
      "nu": 0.4630610500487051,
      "strain_delta": 0.005,
      "notes": "Positions relaxed for each strained state; cell fixed during elasticity."
    },
    {
      "label": "Al-1.85at%Cu",
      "natoms": 108,
      "composition": {
        "Al": 106,
        "Cu": 2
      },
      "supercell": [
        3,
        3,
        3
      ],
      "a0_guess": 4.05,
      "C_GPa": [
        [
          63.45972981743222,
          45.372222938951836,
          45.34224951130754,
          -0.00011937146043861091,
          0.00023128220459911475,
          -0.0009176681021183519
        ],
        [
          45.34055592871257,
          63.327723633978714,
          45.34266544623999,
          -0.0002797768604012596,
          -0.0003469233068986721,
          -0.0010519609951076259
        ],
        [
          45.34151463075421,
          45.37307719096559,
          63.461662142948036,
          -0.00028723757667936667,
          -3.730358138498424e-05,
          -0.0008467912974818859
        ],
        [
          -1.2810042790055956e-05,
          0.0004948813773067108,
          0.00018779379972986117,
          8.705384776144435,
          7.820384253569213e-06,
          -0.000331780137790087
        ],
        [
          -8.542593280739386e-05,
          0.0005441328371443218,
          -0.00015869241985888626,
          3.753469874535911e-05,
          8.757680666890595,
          4.629570124956834e-05
        ],
        [
          -4.835650914753318e-05,
          -0.00038353922872791347,
          -0.00020627709077909801,
          -9.372278463322361e-05,
          -4.6387491959023176e-05,
          8.705251882135743
        ]
      ],
      "vrh": {
        "B_V": 51.37371015415086,
        "G_V": 8.846461978224793,
        "B_R": 51.37656491766204,
        "G_R": 8.843861002658324,
        "B": 51.37513753590645,
        "G": 8.845161490441559,
        "E": 25.09528186619303,
        "nu": 0.4185881113257239
      },
      "E_GPa": 25.09528186619303,
      "B_GPa": 51.37513753590645,
      "G_GPa": 8.845161490441559,
      "nu": 0.4185881113257239,
      "strain_delta": 0.005,
      "notes": "Positions relaxed for each strained state; cell fixed during elasticity. Cu sites far-separated."
    }
  ]
}