scale(V/V0_relaxed),volume(Å^3),energy(eV)
0.94,67.34158324747463,-11.16495132446289
0.96,68.77438289103786,-11.213411331176758
0.98,70.20718253460117,-11.238481521606445
1.0,71.63998217816453,-11.24669361114502
1.02,73.07278182172783,-11.242888450622559
1.04,74.50558146529107,-11.225428581237793
1.06,75.93838110885436,-11.197969436645508
