Label,Bulk_modulus_GPa,v0_A3,e0_eV,b_eVA3
Ag,83.027,143.469,-22.498682,0.518215
Ag0.875Cu0.125,96.013,138.056,-23.576093,0.599268
Percent change (alloy vs Ag),15.64,,,
